Athlete ID ,Name           ,School                   ,SeedTime ,SimTime ,prelimresult       ,Heat  ,semifinalresult    ,PostMean           ,PostStd ,ProbGold ,ProbMedal ,PredictedFinalTime
         2 ,Lucas Anderson ,Lafayette College        ,   10.34 , 10.372 ,10.269667078491722 ,Semi1 ,10.313431890338252 ,10.323774742207494 ,   0.05 , 0.40385 ,  0.7665  ,10.323021812697963
         7 ,Noah Smith     ,Lock Haven University    ,   10.39 , 10.373 ,10.319010229557271 ,Semi1 ,10.292295206939091 ,10.34357635912409  ,   0.05 , 0.22975 ,  0.6168  ,10.344029911114662
         3 ,Carlos Smith   ,Villanova University     ,   10.35 , 10.365 ,10.35145631470242  ,Semi1 ,10.394301566253333 ,10.365189470238938 ,   0.05 , 0.122   ,  0.44865 ,10.36461025541663
         1 ,Jacob Martinez ,University of Pittsburgh ,   10.33 , 10.41  ,10.364456589359596 ,Semi1 ,10.396583273058209 ,10.375259965604453 ,   0.05 , 0.08735 ,  0.3598  ,10.375445715050635
         5 ,Owen Martinez  ,Bucknell University      ,   10.38 , 10.382 ,10.393303219015545 ,Semi1 ,10.373244123857033 ,10.382136835718144 ,   0.05 , 0.0706  ,  0.30845 ,10.381736779232856
         6 ,Ryan Garcia    ,Lock Haven University    ,   10.39 , 10.408 ,10.408491601277278 ,Semi1 ,10.375599711430034 ,10.395522828176828 ,   0.05 , 0.0394  ,  0.213   ,10.3958185336158
         9 ,Carlos Johnson ,West Chester University  ,   10.43 , 10.362 ,10.459808906670418 ,Semi2 ,10.360976423711309 ,10.403196332595432 ,   0.05 , 0.03005 ,  0.17935 ,10.403111067345
        18 ,Mateo Lee      ,Duquesne University      ,   10.53 , 10.322 ,10.471815237164424 ,Semi2 ,10.352779308174973 ,10.41914863633485  ,   0.05 , 0.017   ,  0.10745 ,10.418481946490449
